region,year,yield_c_ha
Batken,1991,15.8
Batken,1992,17.9
Batken,1993,16.0
Batken,1994,10.9
Batken,1995,18.0
Batken,1996,20.0
Batken,1997,22.4
Batken,1998,22.2
Batken,1999,20.8
Batken,2000,21.8
Batken,2001,22.2
Batken,2002,22.7
Batken,2003,21.5
Batken,2004,20.4
Batken,2005,18.6
Batken,2006,16.1
Batken,2007,17.6
Batken,2008,19.5
Batken,2009,22.8
Batken,2010,20.1
Batken,2011,15.1
Batken,2012,17.6
Batken,2013,17.7
Batken,2014,15.8
Batken,2015,17.8
Batken,2016,17.0
Batken,2017,17.4
Batken,2018,17.8
Batken,2019,20.9
Batken,2020,20.6
Batken,2021,13.8
Batken,2022,20.7
Batken,2023,17.0
Batken,2024,18.7
Batken,2025,16.6
Jalal-Abad,1991,21.2
Jalal-Abad,1992,21.0
Jalal-Abad,1993,21.4
Jalal-Abad,1994,16.0
Jalal-Abad,1995,18.8
Jalal-Abad,1996,21.7
Jalal-Abad,1997,24.0
Jalal-Abad,1998,23.2
Jalal-Abad,1999,23.4
Jalal-Abad,2000,24.2
Jalal-Abad,2001,23.8
Jalal-Abad,2002,24.6
Jalal-Abad,2003,24.5
Jalal-Abad,2004,23.3
Jalal-Abad,2005,21.9
Jalal-Abad,2006,19.3
Jalal-Abad,2007,22.2
Jalal-Abad,2008,24.5
Jalal-Abad,2009,28.3
Jalal-Abad,2010,23.0
Jalal-Abad,2011,19.9
Jalal-Abad,2012,19.9
Jalal-Abad,2013,23.5
Jalal-Abad,2014,24.1
Jalal-Abad,2015,26.7
Jalal-Abad,2016,27.2
Jalal-Abad,2017,26.7
Jalal-Abad,2018,27.1
Jalal-Abad,2019,27.2
Jalal-Abad,2020,24.1
Jalal-Abad,2021,22.1
Jalal-Abad,2022,25.7
Jalal-Abad,2023,23.7
Jalal-Abad,2024,27.7
Jalal-Abad,2025,26.3
Issyk-Kul,1991,27.9
Issyk-Kul,1992,31.4
Issyk-Kul,1993,33.1
Issyk-Kul,1994,24.3
Issyk-Kul,1995,18.8
Issyk-Kul,1996,21.9
Issyk-Kul,1997,28.4
Issyk-Kul,1998,30.8
Issyk-Kul,1999,30.7
Issyk-Kul,2000,25.5
Issyk-Kul,2001,26.4
Issyk-Kul,2002,25.1
Issyk-Kul,2003,22.8
Issyk-Kul,2004,24.0
Issyk-Kul,2005,19.6
Issyk-Kul,2006,18.5
Issyk-Kul,2007,18.1
Issyk-Kul,2008,15.1
Issyk-Kul,2009,26.3
Issyk-Kul,2010,19.3
Issyk-Kul,2011,19.1
Issyk-Kul,2012,13.5
Issyk-Kul,2013,21.6
Issyk-Kul,2014,16.2
Issyk-Kul,2015,23.5
Issyk-Kul,2016,24.4
Issyk-Kul,2017,24.7
Issyk-Kul,2018,25.0
Issyk-Kul,2019,25.4
Issyk-Kul,2020,26.6
Issyk-Kul,2021,16.0
Issyk-Kul,2022,25.3
Issyk-Kul,2023,21.8
Issyk-Kul,2024,25.7
Issyk-Kul,2025,26.0
Naryn,1991,27.9
Naryn,1992,24.8
Naryn,1993,22.9
Naryn,1994,16.3
Naryn,1995,18.3
Naryn,1996,20.9
Naryn,1997,23.5
Naryn,1998,26.0
Naryn,1999,21.5
Naryn,2000,22.5
Naryn,2001,19.4
Naryn,2002,21.7
Naryn,2003,19.9
Naryn,2004,21.4
Naryn,2005,18.8
Naryn,2006,15.4
Naryn,2007,20.3
Naryn,2008,17.3
Naryn,2009,21.2
Naryn,2010,18.6
Naryn,2011,20.2
Naryn,2012,18.2
Naryn,2013,21.7
Naryn,2014,16.7
Naryn,2015,19.0
Naryn,2016,20.4
Naryn,2017,19.7
Naryn,2018,20.1
Naryn,2019,20.0
Naryn,2020,21.8
Naryn,2021,20.8
Naryn,2022,21.2
Naryn,2023,19.4
Naryn,2024,21.2
Naryn,2025,21.9
Osh,1991,16.0
Osh,1992,19.6
Osh,1993,18.9
Osh,1994,13.1
Osh,1995,18.0
Osh,1996,20.9
Osh,1997,22.7
Osh,1998,23.4
Osh,1999,23.1
Osh,2000,23.6
Osh,2001,24.5
Osh,2002,24.4
Osh,2003,24.8
Osh,2004,25.0
Osh,2005,24.6
Osh,2006,23.0
Osh,2007,23.0
Osh,2008,22.2
Osh,2009,24.2
Osh,2010,22.9
Osh,2011,20.7
Osh,2012,20.8
Osh,2013,22.6
Osh,2014,20.5
Osh,2015,21.3
Osh,2016,21.6
Osh,2017,21.5
Osh,2018,20.8
Osh,2019,20.9
Osh,2020,20.5
Osh,2021,19.1
Osh,2022,22.0
Osh,2023,20.3
Osh,2024,23.3
Osh,2025,23.3
Talas,1991,26.0
Talas,1992,32.2
Talas,1993,30.0
Talas,1994,22.3
Talas,1995,21.2
Talas,1996,24.7
Talas,1997,26.8
Talas,1998,26.1
Talas,1999,24.2
Talas,2000,23.9
Talas,2001,26.0
Talas,2002,25.8
Talas,2003,23.3
Talas,2004,25.1
Talas,2005,23.4
Talas,2006,20.4
Talas,2007,20.9
Talas,2008,22.4
Talas,2009,26.8
Talas,2010,23.5
Talas,2011,21.2
Talas,2012,19.7
Talas,2013,24.5
Talas,2014,22.4
Talas,2015,23.7
Talas,2016,25.2
Talas,2017,26.1
Talas,2018,25.4
Talas,2019,26.4
Talas,2020,27.8
Talas,2021,19.8
Talas,2022,27.3
Talas,2023,21.9
Talas,2024,27.8
Talas,2025,18.8
Chuy,1991,24.9
Chuy,1992,28.1
Chuy,1993,26.0
Chuy,1994,17.3
Chuy,1995,17.1
Chuy,1996,23.5
Chuy,1997,21.6
Chuy,1998,22.1
Chuy,1999,23.2
Chuy,2000,22.0
Chuy,2001,26.2
Chuy,2002,26.1
Chuy,2003,24.5
Chuy,2004,25.9
Chuy,2005,24.1
Chuy,2006,22.6
Chuy,2007,19.1
Chuy,2008,19.0
Chuy,2009,28.0
Chuy,2010,22.3
Chuy,2011,24.3
Chuy,2012,16.1
Chuy,2013,26.1
Chuy,2014,14.3
Chuy,2015,25.6
Chuy,2016,26.6
Chuy,2017,25.5
Chuy,2018,25.7
Chuy,2019,26.8
Chuy,2020,27.6
Chuy,2021,10.5
Chuy,2022,27.6
Chuy,2023,16.6
Chuy,2024,31.9
Chuy,2025,15.6
